Dialogue_Id,Speaker,Emotion,Emotion_name,Utterance,Annotate(0/1)
0,Chandler,0,neutral,also I was the point person on my company's transition from the KL-5 to GR-6 system.,0
0,The Interviewer,0,neutral,You must've had your hands full.,0
0,Chandler,0,neutral,That I did. That I did.,0
0,The Interviewer,0,neutral,So let's talk a little bit about your duties.,1
0,Chandler,6,surprise,My duties?  All right.,0
,,,,,
0,Chandler,0,neutral,also I was the point person on my company's transition from the KL-5 to GR-6 system.,0
0,The Interviewer,0,neutral,You must've had your hands full.,0
0,Chandler,0,neutral,That I did. That I did.,0
0,The Interviewer,0,neutral,So let's talk a little bit about your duties.,0
0,Chandler,6,surprise,My duties?  All right.,0
0,The Interviewer,0,neutral,"Now you'll be heading a whole division, so you'll have a lot of duties.",1
0,Chandler,0,neutral,I see.,0
,,,,,
0,Chandler,0,neutral,also I was the point person on my company's transition from the KL-5 to GR-6 system.,0
0,The Interviewer,0,neutral,You must've had your hands full.,0
0,Chandler,0,neutral,That I did. That I did.,0
0,The Interviewer,0,neutral,So let's talk a little bit about your duties.,0
0,Chandler,6,surprise,My duties?  All right.,0
0,The Interviewer,0,neutral,"Now you'll be heading a whole division, so you'll have a lot of duties.",0
0,Chandler,0,neutral,I see.,0
0,The Interviewer,0,neutral,But there'll be perhaps 30 people under you so you can dump a certain amount on them.,1
0,Chandler,0,neutral,Good to know.,0
0,The Interviewer,0,neutral,We can go into detail,1
0,Chandler,3,fear,No don't I beg of you!,0
,,,,,
0,Chandler,0,neutral,also I was the point person on my company's transition from the KL-5 to GR-6 system.,0
0,The Interviewer,0,neutral,You must've had your hands full.,0
0,Chandler,0,neutral,That I did. That I did.,0
0,The Interviewer,0,neutral,So let's talk a little bit about your duties.,0
0,Chandler,6,surprise,My duties?  All right.,0
0,The Interviewer,0,neutral,"Now you'll be heading a whole division, so you'll have a lot of duties.",0
0,Chandler,0,neutral,I see.,0
0,The Interviewer,0,neutral,But there'll be perhaps 30 people under you so you can dump a certain amount on them.,0
0,Chandler,0,neutral,Good to know.,0
0,The Interviewer,0,neutral,We can go into detail,0
0,Chandler,3,fear,No don't I beg of you!,0
0,The Interviewer,0,neutral,"All right then, we'll have a definite answer for you on Monday, but I think I can say with some confidence, you'll fit in well here.",1
0,Chandler,6,surprise,Really?!,0
,,,,,
1,Joey,6,surprise,But then who? The waitress I went out with last month?,0
1,Rachel,5,sadness,You know? Forget it!,0
1,Joey,6,surprise,"No-no-no-no, no! Who, who were you talking about?",1
1,Rachel,3,fear,"No, I-I-I-I don't, I actually don't know",0
,,,,,
1,Joey,6,surprise,But then who? The waitress I went out with last month?,0
1,Rachel,5,sadness,You know? Forget it!,0
1,Joey,6,surprise,"No-no-no-no, no! Who, who were you talking about?",0
1,Rachel,3,fear,"No, I-I-I-I don't, I actually don't know",1
1,Joey,0,neutral,Ok!,0
,,,,,
1,Joey,6,surprise,But then who? The waitress I went out with last month?,0
1,Rachel,5,sadness,You know? Forget it!,0
1,Joey,6,surprise,"No-no-no-no, no! Who, who were you talking about?",0
1,Rachel,3,fear,"No, I-I-I-I don't, I actually don't know",0
1,Joey,0,neutral,Ok!,1
1,Joey,0,neutral,"All right, well...",1
1,Rachel,0,neutral,"Yeah, sure!",0
,,,,,
2,Chandler,0,neutral,"Hey, Mon.",0
2,Monica,0,neutral,Hey-hey-hey. You wanna hear something that sucks.,1
2,Chandler,4,joy,Do I ever.,0
,,,,,
2,Chandler,0,neutral,"Hey, Mon.",0
2,Monica,0,neutral,Hey-hey-hey. You wanna hear something that sucks.,0
2,Chandler,4,joy,Do I ever.,0
2,Monica,5,sadness,Chris says they're closing down the bar.,1
,,,,,
2,Chandler,0,neutral,"Hey, Mon.",0
2,Monica,0,neutral,Hey-hey-hey. You wanna hear something that sucks.,0
2,Chandler,4,joy,Do I ever.,0
2,Monica,5,sadness,Chris says they're closing down the bar.,1
2,Chandler,6,surprise,No way!,0
,,,,,
2,Chandler,0,neutral,"Hey, Mon.",0
2,Monica,0,neutral,Hey-hey-hey. You wanna hear something that sucks.,0
2,Chandler,4,joy,Do I ever.,0
2,Monica,5,sadness,Chris says they're closing down the bar.,0
2,Chandler,6,surprise,No way!,1
2,Monica,0,neutral,"Yeah, apparently they're turning it into some kinda coffee place.",0
,,,,,
2,Chandler,0,neutral,"Hey, Mon.",0
2,Monica,0,neutral,Hey-hey-hey. You wanna hear something that sucks.,0
2,Chandler,4,joy,Do I ever.,0
2,Monica,5,sadness,Chris says they're closing down the bar.,0
2,Chandler,6,surprise,No way!,0
2,Monica,0,neutral,"Yeah, apparently they're turning it into some kinda coffee place.",1
2,Chandler,2,disgust,Just coffee! Where are we gonna hang out now?,0
,,,,,
2,Chandler,0,neutral,"Hey, Mon.",0
2,Monica,0,neutral,Hey-hey-hey. You wanna hear something that sucks.,0
2,Chandler,4,joy,Do I ever.,0
2,Monica,5,sadness,Chris says they're closing down the bar.,1
2,Chandler,6,surprise,No way!,0
2,Monica,0,neutral,"Yeah, apparently they're turning it into some kinda coffee place.",1
2,Chandler,2,disgust,Just coffee! Where are we gonna hang out now?,1
2,Monica,5,sadness,Got me.,0
,,,,,
2,Chandler,0,neutral,"Hey, Mon.",0
2,Monica,0,neutral,Hey-hey-hey. You wanna hear something that sucks.,0
2,Chandler,4,joy,Do I ever.,0
2,Monica,5,sadness,Chris says they're closing down the bar.,0
2,Chandler,6,surprise,No way!,0
2,Monica,0,neutral,"Yeah, apparently they're turning it into some kinda coffee place.",0
2,Chandler,2,disgust,Just coffee! Where are we gonna hang out now?,0
2,Monica,5,sadness,Got me.,1
2,Chandler,0,neutral,Can I get a beer.,1
,,,,,
2,Chandler,0,neutral,"Hey, Mon.",0
2,Monica,0,neutral,Hey-hey-hey. You wanna hear something that sucks.,0
2,Chandler,4,joy,Do I ever.,0
2,Monica,5,sadness,Chris says they're closing down the bar.,0
2,Chandler,6,surprise,No way!,0
2,Monica,0,neutral,"Yeah, apparently they're turning it into some kinda coffee place.",0
2,Chandler,2,disgust,Just coffee! Where are we gonna hang out now?,0
2,Monica,5,sadness,Got me.,0
2,Chandler,0,neutral,Can I get a beer.,0
2,Monica,0,neutral,"Hey, did you pick a roommate?",1
,,,,,
2,Chandler,0,neutral,"Hey, Mon.",0
2,Monica,0,neutral,Hey-hey-hey. You wanna hear something that sucks.,0
2,Chandler,4,joy,Do I ever.,0
2,Monica,5,sadness,Chris says they're closing down the bar.,0
2,Chandler,6,surprise,No way!,0
2,Monica,0,neutral,"Yeah, apparently they're turning it into some kinda coffee place.",0
2,Chandler,2,disgust,Just coffee! Where are we gonna hang out now?,0
2,Monica,5,sadness,Got me.,0
2,Chandler,0,neutral,Can I get a beer.,0
2,Monica,0,neutral,"Hey, did you pick a roommate?",1
2,Chandler,4,joy,You betcha!,0
,,,,,
3,Phoebe,6,surprise,"Oh my God, oh my God! Poor Monica!",0
3,Chandler,6,surprise,"What, what, what?!",0
3,Phoebe,6,surprise,What?!,1
3,Phoebe,0,neutral,He was with her when he wrote this poem.,0
,,,,,
3,Phoebe,6,surprise,"Oh my God, oh my God! Poor Monica!",0
3,Chandler,6,surprise,"What, what, what?!",0
3,Phoebe,6,surprise,What?!,0
3,Phoebe,0,neutral,He was with her when he wrote this poem.,0
3,Phoebe,0,neutral,"Look,  'My vessel so empty with nothing inside.",1
3,Phoebe,0,neutral,"Now that I've touched you, you seem emptier still.'",1
3,Phoebe,6,surprise,"He thinks Monica is empty, she is the empty vase!",0
,,,,,
3,Phoebe,6,surprise,"Oh my God, oh my God! Poor Monica!",0
3,Chandler,6,surprise,"What, what, what?!",0
3,Phoebe,6,surprise,What?!,0
3,Phoebe,0,neutral,He was with her when he wrote this poem.,0
3,Phoebe,0,neutral,"Look,  'My vessel so empty with nothing inside.",1
3,Phoebe,0,neutral,"Now that I've touched you, you seem emptier still.'",1
3,Phoebe,6,surprise,"He thinks Monica is empty, she is the empty vase!",1
3,Phoebe,5,sadness,"Oh, totally. Oh, God, oh, she seemed so happy too.",0
,,,,,
4,Rachel,6,surprise,Hey!,0
4,Ross,4,joy,Hi!,0
4,Rachel,6,surprise,What are you doing here?,1
4,Ross,0,neutral,"Ah y'know, this building is on my paper route so I...",0
,,,,,
4,Rachel,6,surprise,Hey!,0
4,Ross,4,joy,Hi!,0
4,Rachel,6,surprise,What are you doing here?,0
4,Ross,0,neutral,"Ah y'know, this building is on my paper route so I...",1
4,Rachel,0,neutral,Oh.,0
,,,,,
4,Rachel,6,surprise,Hey!,0
4,Ross,4,joy,Hi!,0
4,Rachel,6,surprise,What are you doing here?,0
4,Ross,0,neutral,"Ah y'know, this building is on my paper route so I...",0
4,Rachel,0,neutral,Oh.,0
4,Ross,0,neutral,Hi.,0
4,Rachel,0,neutral,Hi.,0
4,Ross,0,neutral,How'd did it go?,1
4,Rachel,4,joy,"Oh well, the woman I interviewed with was pretty tough, but y'know thank God Mark coached me, because once I started talking about the fall line, she got all happy and wouldn't shut up.",1
,,,,,
4,Rachel,6,surprise,Hey!,0
4,Ross,4,joy,Hi!,0
4,Rachel,6,surprise,What are you doing here?,0
4,Ross,0,neutral,"Ah y'know, this building is on my paper route so I...",0
4,Rachel,0,neutral,Oh.,0
4,Ross,0,neutral,Hi.,0
4,Rachel,0,neutral,Hi.,0
4,Ross,0,neutral,How'd did it go?,0
4,Rachel,4,joy,"Oh well, the woman I interviewed with was pretty tough, but y'know thank God Mark coached me, because once I started talking about the fall line, she got all happy and wouldn't shut up.",1
4,Ross,4,joy,I'm so proud of you.,0
,,,,,
4,Rachel,6,surprise,Hey!,0
4,Ross,4,joy,Hi!,0
4,Rachel,6,surprise,What are you doing here?,0
4,Ross,0,neutral,"Ah y'know, this building is on my paper route so I...",0
4,Rachel,0,neutral,Oh.,0
4,Ross,0,neutral,Hi.,0
4,Rachel,0,neutral,Hi.,0
4,Ross,0,neutral,How'd did it go?,0
4,Rachel,4,joy,"Oh well, the woman I interviewed with was pretty tough, but y'know thank God Mark coached me, because once I started talking about the fall line, she got all happy and wouldn't shut up.",0
4,Ross,4,joy,I'm so proud of you.,0
4,Rachel,4,joy,Me too!,0
4,Ross,5,sadness,"Listen, I'm ah, I'm sorry I've been so crazy and jealous and, it's just that I like you a lot, so...",1
,,,,,
4,Rachel,6,surprise,Hey!,0
4,Ross,4,joy,Hi!,0
4,Rachel,6,surprise,What are you doing here?,0
4,Ross,0,neutral,"Ah y'know, this building is on my paper route so I...",0
4,Rachel,0,neutral,Oh.,0
4,Ross,0,neutral,Hi.,0
4,Rachel,0,neutral,Hi.,0
4,Ross,0,neutral,How'd did it go?,0
4,Rachel,4,joy,"Oh well, the woman I interviewed with was pretty tough, but y'know thank God Mark coached me, because once I started talking about the fall line, she got all happy and wouldn't shut up.",0
4,Ross,4,joy,I'm so proud of you.,0
4,Rachel,4,joy,Me too!,0
4,Ross,5,sadness,"Listen, I'm ah, I'm sorry I've been so crazy and jealous and, it's just that I like you a lot, so...",1
4,Rachel,0,neutral,I know.,0
,,,,,
4,Rachel,6,surprise,Hey!,0
4,Ross,4,joy,Hi!,0
4,Rachel,6,surprise,What are you doing here?,0
4,Ross,0,neutral,"Ah y'know, this building is on my paper route so I...",0
4,Rachel,0,neutral,Oh.,0
4,Ross,0,neutral,Hi.,0
4,Rachel,0,neutral,Hi.,0
4,Ross,0,neutral,How'd did it go?,0
4,Rachel,4,joy,"Oh well, the woman I interviewed with was pretty tough, but y'know thank God Mark coached me, because once I started talking about the fall line, she got all happy and wouldn't shut up.",0
4,Ross,4,joy,I'm so proud of you.,0
4,Rachel,4,joy,Me too!,0
4,Ross,5,sadness,"Listen, I'm ah, I'm sorry I've been so crazy and jealous and, it's just that I like you a lot, so...",0
4,Rachel,0,neutral,I know.,1
4,Ross,0,neutral,Yeah.,0
,,,,,
5,Chandler,4,joy,Good job Joe! Well done! Top notch!,0
5,Joey,6,surprise,You liked it? You really liked it?,0
5,Chandler,4,joy,"Oh-ho-ho, yeah!",1
5,Joey,0,neutral,Which part exactly?,1
,,,,,
5,Chandler,4,joy,Good job Joe! Well done! Top notch!,0
5,Joey,6,surprise,You liked it? You really liked it?,0
5,Chandler,4,joy,"Oh-ho-ho, yeah!",0
5,Joey,0,neutral,Which part exactly?,1
5,Chandler,0,neutral,The whole thing! Can we go?,0
,,,,,
5,Chandler,4,joy,Good job Joe! Well done! Top notch!,0
5,Joey,6,surprise,You liked it? You really liked it?,0
5,Chandler,4,joy,"Oh-ho-ho, yeah!",0
5,Joey,0,neutral,Which part exactly?,0
5,Chandler,0,neutral,The whole thing! Can we go?,1
5,Joey,1,anger,"Oh no-no-no, give me some specifics.",0
,,,,,
5,Chandler,4,joy,Good job Joe! Well done! Top notch!,0
5,Joey,6,surprise,You liked it? You really liked it?,0
5,Chandler,4,joy,"Oh-ho-ho, yeah!",0
5,Joey,0,neutral,Which part exactly?,0
5,Chandler,0,neutral,The whole thing! Can we go?,0
5,Joey,1,anger,"Oh no-no-no, give me some specifics.",1
5,Chandler,4,joy,"I love the specifics, the specifics were the best part!",1
,,,,,
5,Chandler,4,joy,Good job Joe! Well done! Top notch!,0
5,Joey,6,surprise,You liked it? You really liked it?,0
5,Chandler,4,joy,"Oh-ho-ho, yeah!",0
5,Joey,0,neutral,Which part exactly?,0
5,Chandler,0,neutral,The whole thing! Can we go?,0
5,Joey,1,anger,"Oh no-no-no, give me some specifics.",0
5,Chandler,4,joy,"I love the specifics, the specifics were the best part!",1
5,Joey,0,neutral,"Hey, what about the scene with the kangaroo? Did-did you like that part?",1
,,,,,
5,Chandler,4,joy,Good job Joe! Well done! Top notch!,0
5,Joey,6,surprise,You liked it? You really liked it?,0
5,Chandler,4,joy,"Oh-ho-ho, yeah!",0
5,Joey,0,neutral,Which part exactly?,0
5,Chandler,0,neutral,The whole thing! Can we go?,0
5,Joey,1,anger,"Oh no-no-no, give me some specifics.",0
5,Chandler,4,joy,"I love the specifics, the specifics were the best part!",0
5,Joey,0,neutral,"Hey, what about the scene with the kangaroo? Did-did you like that part?",1
5,Chandler,6,surprise,I was surprised to see a kangaroo in a World War I epic.,0
,,,,,
5,Chandler,4,joy,Good job Joe! Well done! Top notch!,0
5,Joey,6,surprise,You liked it? You really liked it?,0
5,Chandler,4,joy,"Oh-ho-ho, yeah!",0
5,Joey,0,neutral,Which part exactly?,0
5,Chandler,0,neutral,The whole thing! Can we go?,0
5,Joey,1,anger,"Oh no-no-no, give me some specifics.",0
5,Chandler,4,joy,"I love the specifics, the specifics were the best part!",0
5,Joey,0,neutral,"Hey, what about the scene with the kangaroo? Did-did you like that part?",0
5,Chandler,6,surprise,I was surprised to see a kangaroo in a World War I epic.,1
5,Joey,1,anger,You fell asleep!!,0
,,,,,
5,Chandler,4,joy,Good job Joe! Well done! Top notch!,0
5,Joey,6,surprise,You liked it? You really liked it?,0
5,Chandler,4,joy,"Oh-ho-ho, yeah!",0
5,Joey,0,neutral,Which part exactly?,0
5,Chandler,0,neutral,The whole thing! Can we go?,0
5,Joey,1,anger,"Oh no-no-no, give me some specifics.",0
5,Chandler,4,joy,"I love the specifics, the specifics were the best part!",0
5,Joey,0,neutral,"Hey, what about the scene with the kangaroo? Did-did you like that part?",0
5,Chandler,6,surprise,I was surprised to see a kangaroo in a World War I epic.,0
5,Joey,1,anger,You fell asleep!!,0
5,Joey,1,anger,There was no kangaroo!,0
5,Joey,1,anger,They didn't take any of my suggestions!,1
5,Joey,0,neutral,That's for coming buddy.,1
,,,,,
5,Chandler,4,joy,Good job Joe! Well done! Top notch!,0
5,Joey,6,surprise,You liked it? You really liked it?,0
5,Chandler,4,joy,"Oh-ho-ho, yeah!",0
5,Joey,0,neutral,Which part exactly?,0
5,Chandler,0,neutral,The whole thing! Can we go?,0
5,Joey,1,anger,"Oh no-no-no, give me some specifics.",0
5,Chandler,4,joy,"I love the specifics, the specifics were the best part!",0
5,Joey,0,neutral,"Hey, what about the scene with the kangaroo? Did-did you like that part?",0
5,Chandler,6,surprise,I was surprised to see a kangaroo in a World War I epic.,0
5,Joey,1,anger,You fell asleep!!,1
5,Joey,1,anger,There was no kangaroo!,1
5,Joey,1,anger,They didn't take any of my suggestions!,1
5,Joey,0,neutral,That's for coming buddy.,0
5,Joey,0,neutral,I'll see you later.,1
5,Chandler,5,sadness,Don't go!,0
,,,,,
5,Chandler,4,joy,Good job Joe! Well done! Top notch!,0
5,Joey,6,surprise,You liked it? You really liked it?,0
5,Chandler,4,joy,"Oh-ho-ho, yeah!",0
5,Joey,0,neutral,Which part exactly?,0
5,Chandler,0,neutral,The whole thing! Can we go?,0
5,Joey,1,anger,"Oh no-no-no, give me some specifics.",0
5,Chandler,4,joy,"I love the specifics, the specifics were the best part!",0
5,Joey,0,neutral,"Hey, what about the scene with the kangaroo? Did-did you like that part?",0
5,Chandler,6,surprise,I was surprised to see a kangaroo in a World War I epic.,0
5,Joey,1,anger,You fell asleep!!,0
5,Joey,1,anger,There was no kangaroo!,0
5,Joey,1,anger,They didn't take any of my suggestions!,0
5,Joey,0,neutral,That's for coming buddy.,0
5,Joey,0,neutral,I'll see you later.,0
5,Chandler,5,sadness,Don't go!,0
5,Chandler,5,sadness,I'm sorry.,0
5,Chandler,5,sadness,I'm so sorry!,0
5,Chandler,6,surprise,Look!,1
,,,,,
5,Chandler,4,joy,Good job Joe! Well done! Top notch!,0
5,Joey,6,surprise,You liked it? You really liked it?,0
5,Chandler,4,joy,"Oh-ho-ho, yeah!",0
5,Joey,0,neutral,Which part exactly?,0
5,Chandler,0,neutral,The whole thing! Can we go?,0
5,Joey,1,anger,"Oh no-no-no, give me some specifics.",0
5,Chandler,4,joy,"I love the specifics, the specifics were the best part!",0
5,Joey,0,neutral,"Hey, what about the scene with the kangaroo? Did-did you like that part?",0
5,Chandler,6,surprise,I was surprised to see a kangaroo in a World War I epic.,0
5,Joey,1,anger,You fell asleep!!,0
5,Joey,1,anger,There was no kangaroo!,0
5,Joey,1,anger,They didn't take any of my suggestions!,0
5,Joey,0,neutral,That's for coming buddy.,0
5,Joey,0,neutral,I'll see you later.,0
5,Chandler,5,sadness,Don't go!,0
5,Chandler,5,sadness,I'm sorry.,0
5,Chandler,5,sadness,I'm so sorry!,0
5,Chandler,6,surprise,Look!,0
5,Chandler,1,anger,This guy fell asleep!,1
,,,,,
6,Phoebe,0,neutral,"Yes, and it is my dying wish to have that ring.",0
6,Phoebe,0,neutral,"See, if I'm not buried with that ring then my spirit is going to wander the nether world for all eternity",0
6,Chandler,0,neutral,"Okay, that's enough honey!",0
6,Customer,0,neutral,I don't know.  Let me see the ring.,1
6,Chandler,4,joy,"Great! Okay, here.",0
,,,,,
7,Chandler,0,neutral,What've you been up to?,0
7,Jade,0,neutral,"Oh, you know, the usual, teaching aerobics, partying way too much.",1
7,Jade,0,neutral,"Oh, and in case you were wondering, those are my legs on the new James Bond poster.",1
7,Chandler,4,joy,Can you hold on a moment? I have another call.  I love her.,0
,,,,,
7,Chandler,0,neutral,What've you been up to?,0
7,Jade,0,neutral,"Oh, you know, the usual, teaching aerobics, partying way too much.",0
7,Jade,0,neutral,"Oh, and in case you were wondering, those are my legs on the new James Bond poster.",0
7,Chandler,4,joy,Can you hold on a moment? I have another call.  I love her.,0
7,Ross,0,neutral,I know.,1
7,Chandler,0,neutral,I'm back.,0
,,,,,
7,Chandler,0,neutral,What've you been up to?,0
7,Jade,0,neutral,"Oh, you know, the usual, teaching aerobics, partying way too much.",0
7,Jade,0,neutral,"Oh, and in case you were wondering, those are my legs on the new James Bond poster.",0
7,Chandler,4,joy,Can you hold on a moment? I have another call.  I love her.,0
7,Ross,0,neutral,I know.,0
7,Chandler,0,neutral,I'm back.,0
7,Jade,0,neutral,"So, are we gonna get together or what?",0
7,Chandler,0,neutral,"Um, absolutely. Uh, how 'bout tomorrow afternoon? Do you know uh, Central Perk in the Village, say, five-ish?",0
7,Jade,0,neutral,"Great, I'll see you then.",1
7,Chandler,4,joy,Ok.  Ok. Having a phone has finally paid off.,0
,,,,,
7,Chandler,0,neutral,What've you been up to?,0
7,Jade,0,neutral,"Oh, you know, the usual, teaching aerobics, partying way too much.",0
7,Jade,0,neutral,"Oh, and in case you were wondering, those are my legs on the new James Bond poster.",0
7,Chandler,4,joy,Can you hold on a moment? I have another call.  I love her.,0
7,Ross,0,neutral,I know.,0
7,Chandler,0,neutral,I'm back.,0
7,Jade,0,neutral,"So, are we gonna get together or what?",0
7,Chandler,0,neutral,"Um, absolutely. Uh, how 'bout tomorrow afternoon? Do you know uh, Central Perk in the Village, say, five-ish?",0
7,Jade,0,neutral,"Great, I'll see you then.",0
7,Chandler,4,joy,Ok.  Ok. Having a phone has finally paid off.,0
7,Ross,0,neutral,"Even though you do do a good Bob impression, I'm thinkin' when she sees you tomorow, she's probably gonna realize, ""Hey, you're not Bob.""",1
7,Chandler,0,neutral,"I'm hoping that when Bob doesn't show up, she will seek comfort in the open arms of the wry stranger at the next table.",0
,,,,,
7,Chandler,0,neutral,What've you been up to?,0
7,Jade,0,neutral,"Oh, you know, the usual, teaching aerobics, partying way too much.",0
7,Jade,0,neutral,"Oh, and in case you were wondering, those are my legs on the new James Bond poster.",0
7,Chandler,4,joy,Can you hold on a moment? I have another call.  I love her.,0
7,Ross,0,neutral,I know.,0
7,Chandler,0,neutral,I'm back.,0
7,Jade,0,neutral,"So, are we gonna get together or what?",0
7,Chandler,0,neutral,"Um, absolutely. Uh, how 'bout tomorrow afternoon? Do you know uh, Central Perk in the Village, say, five-ish?",0
7,Jade,0,neutral,"Great, I'll see you then.",0
7,Chandler,4,joy,Ok.  Ok. Having a phone has finally paid off.,0
7,Ross,0,neutral,"Even though you do do a good Bob impression, I'm thinkin' when she sees you tomorow, she's probably gonna realize, ""Hey, you're not Bob.""",0
7,Chandler,0,neutral,"I'm hoping that when Bob doesn't show up, she will seek comfort in the open arms of the wry stranger at the next table.",1
7,Ross,2,disgust,Oh my god. You are pure evil.,0
,,,,,
7,Chandler,0,neutral,What've you been up to?,0
7,Jade,0,neutral,"Oh, you know, the usual, teaching aerobics, partying way too much.",0
7,Jade,0,neutral,"Oh, and in case you were wondering, those are my legs on the new James Bond poster.",0
7,Chandler,4,joy,Can you hold on a moment? I have another call.  I love her.,0
7,Ross,0,neutral,I know.,0
7,Chandler,0,neutral,I'm back.,0
7,Jade,0,neutral,"So, are we gonna get together or what?",0
7,Chandler,0,neutral,"Um, absolutely. Uh, how 'bout tomorrow afternoon? Do you know uh, Central Perk in the Village, say, five-ish?",0
7,Jade,0,neutral,"Great, I'll see you then.",0
7,Chandler,4,joy,Ok.  Ok. Having a phone has finally paid off.,0
7,Ross,0,neutral,"Even though you do do a good Bob impression, I'm thinkin' when she sees you tomorow, she's probably gonna realize, ""Hey, you're not Bob.""",0
7,Chandler,0,neutral,"I'm hoping that when Bob doesn't show up, she will seek comfort in the open arms of the wry stranger at the next table.",0
7,Ross,2,disgust,Oh my god. You are pure evil.,1
7,Chandler,1,anger,"Ok, pure evil , horny and alone . I've done this",0
,,,,,
8,Ross,0,neutral,This is my wedding.,0
8,Monica,1,anger,"All right, y'know what? We really are late! Let's go! Let's go! Let's go!!",0
8,Ross,0,neutral,Fine. You'll-you'll watch it on video when we get back.,0
8,Chandler,4,joy,Here you go Phoebe! Here you go Phobo! Phewbedo! Phaybobo.,0
8,Phoebe,0,neutral,Thank you.,0
8,Phoebe,0,neutral,Thank you.,0
8,Ross,4,joy,"All right, let's go! Bye, Pheebs!",1
,,,,,
8,Ross,0,neutral,This is my wedding.,0
8,Monica,1,anger,"All right, y'know what? We really are late! Let's go! Let's go! Let's go!!",0
8,Ross,0,neutral,Fine. You'll-you'll watch it on video when we get back.,0
8,Chandler,4,joy,Here you go Phoebe! Here you go Phobo! Phewbedo! Phaybobo.,0
8,Phoebe,0,neutral,Thank you.,0
8,Phoebe,0,neutral,Thank you.,0
8,Ross,4,joy,"All right, let's go! Bye, Pheebs!",0
8,Joey,4,joy,"Bye, Pheebs!",0
8,Joey,4,joy,London baby!!,1
8,Phoebe,4,joy,"Oh, do you need a hug? You don't have to bring me anything!",0
,,,,,
9,Chandler,0,neutral,Hey!,0
9,Joey,4,joy,Hey! So Estelle lined up a bunch of auditions for me tomorrow and I'll have my health insurance back in no time.,1
9,Chandler,2,disgust,"That's great, but shouldn't you be on the toilet right now?",0
,,,,,
9,Chandler,0,neutral,Hey!,0
9,Joey,4,joy,Hey! So Estelle lined up a bunch of auditions for me tomorrow and I'll have my health insurance back in no time.,0
9,Chandler,2,disgust,"That's great, but shouldn't you be on the toilet right now?",1
9,Joey,6,surprise,What?!,0
,,,,,
9,Chandler,0,neutral,Hey!,0
9,Joey,4,joy,Hey! So Estelle lined up a bunch of auditions for me tomorrow and I'll have my health insurance back in no time.,0
9,Chandler,2,disgust,"That's great, but shouldn't you be on the toilet right now?",0
9,Joey,6,surprise,What?!,0
9,Chandler,2,disgust,What's wrong with you?,1
9,Joey,0,neutral,Nothing!,0
,,,,,
9,Chandler,0,neutral,Hey!,0
9,Joey,4,joy,Hey! So Estelle lined up a bunch of auditions for me tomorrow and I'll have my health insurance back in no time.,0
9,Chandler,2,disgust,"That's great, but shouldn't you be on the toilet right now?",0
9,Joey,6,surprise,What?!,0
9,Chandler,2,disgust,What's wrong with you?,0
9,Joey,0,neutral,Nothing!,0
9,Joey,3,fear,"Well, I-I got this blinding pain in my stomach when I was lifting weights before, then I uh passed out and uh, haven't been able to stand up since.",1
,,,,,
9,Chandler,0,neutral,Hey!,0
9,Joey,4,joy,Hey! So Estelle lined up a bunch of auditions for me tomorrow and I'll have my health insurance back in no time.,0
9,Chandler,2,disgust,"That's great, but shouldn't you be on the toilet right now?",0
9,Joey,6,surprise,What?!,0
9,Chandler,2,disgust,What's wrong with you?,0
9,Joey,0,neutral,Nothing!,1
9,Joey,3,fear,"Well, I-I got this blinding pain in my stomach when I was lifting weights before, then I uh passed out and uh, haven't been able to stand up since.",1
9,Joey,0,neutral,"But um, I don't think it's anything serious.",1
,,,,,
9,Chandler,0,neutral,Hey!,0
9,Joey,4,joy,Hey! So Estelle lined up a bunch of auditions for me tomorrow and I'll have my health insurance back in no time.,0
9,Chandler,2,disgust,"That's great, but shouldn't you be on the toilet right now?",0
9,Joey,6,surprise,What?!,0
9,Chandler,2,disgust,What's wrong with you?,0
9,Joey,0,neutral,Nothing!,0
9,Joey,3,fear,"Well, I-I got this blinding pain in my stomach when I was lifting weights before, then I uh passed out and uh, haven't been able to stand up since.",1
9,Joey,0,neutral,"But um, I don't think it's anything serious.",0
9,Chandler,6,surprise,This sounds like a hernia. You have toyou-you go to the doctor!,0
,,,,,
9,Chandler,0,neutral,Hey!,0
9,Joey,4,joy,Hey! So Estelle lined up a bunch of auditions for me tomorrow and I'll have my health insurance back in no time.,0
9,Chandler,2,disgust,"That's great, but shouldn't you be on the toilet right now?",0
9,Joey,6,surprise,What?!,0
9,Chandler,2,disgust,What's wrong with you?,0
9,Joey,0,neutral,Nothing!,0
9,Joey,3,fear,"Well, I-I got this blinding pain in my stomach when I was lifting weights before, then I uh passed out and uh, haven't been able to stand up since.",0
9,Joey,0,neutral,"But um, I don't think it's anything serious.",0
9,Chandler,6,surprise,This sounds like a hernia. You have toyou-you go to the doctor!,1
9,Joey,3,fear,"No way! Kay look, if I have to go to the doctor for anything it's gonna be for this thing sticking out of my stomach!",0
,,,,,
9,Chandler,0,neutral,Hey!,0
9,Joey,4,joy,Hey! So Estelle lined up a bunch of auditions for me tomorrow and I'll have my health insurance back in no time.,0
9,Chandler,2,disgust,"That's great, but shouldn't you be on the toilet right now?",0
9,Joey,6,surprise,What?!,0
9,Chandler,2,disgust,What's wrong with you?,0
9,Joey,0,neutral,Nothing!,0
9,Joey,3,fear,"Well, I-I got this blinding pain in my stomach when I was lifting weights before, then I uh passed out and uh, haven't been able to stand up since.",0
9,Joey,0,neutral,"But um, I don't think it's anything serious.",0
9,Chandler,6,surprise,This sounds like a hernia. You have toyou-you go to the doctor!,0
9,Joey,3,fear,"No way! Kay look, if I have to go to the doctor for anything it's gonna be for this thing sticking out of my stomach!",1
9,Chandler,2,disgust,That's a hernia.,0
,,,,,
9,Chandler,0,neutral,Hey!,0
9,Joey,4,joy,Hey! So Estelle lined up a bunch of auditions for me tomorrow and I'll have my health insurance back in no time.,0
9,Chandler,2,disgust,"That's great, but shouldn't you be on the toilet right now?",0
9,Joey,6,surprise,What?!,0
9,Chandler,2,disgust,What's wrong with you?,0
9,Joey,0,neutral,Nothing!,0
9,Joey,3,fear,"Well, I-I got this blinding pain in my stomach when I was lifting weights before, then I uh passed out and uh, haven't been able to stand up since.",1
9,Joey,0,neutral,"But um, I don't think it's anything serious.",0
9,Chandler,6,surprise,This sounds like a hernia. You have toyou-you go to the doctor!,1
9,Joey,3,fear,"No way! Kay look, if I have to go to the doctor for anything it's gonna be for this thing sticking out of my stomach!",0
9,Chandler,2,disgust,That's a hernia.,1
9,Joey,1,anger,Why did I have to start working out again?  Damn you 15s!,1
,,,,,
10,Mona,4,joy,I love your place! Where is this guy from?,0
10,Ross,0,neutral,Uh that's an eighteenth century Indian artifact from Calcutta.,1
10,Mona,6,surprise,"Oh wow! So, you're more than just dinosaurs.",0
,,,,,
11,Ross,0,neutral,"Well, well to sum up, we're having fun, you look young.",0
11,Mona,0,neutral,Okay,0
11,Ross,0,neutral,But that's not enough. So Sohere's a key to my apartment.,1
11,Mona,6,surprise,Really?!,0
,,,,,
11,Ross,0,neutral,"Well, well to sum up, we're having fun, you look young.",0
11,Mona,0,neutral,Okay,0
11,Ross,0,neutral,But that's not enough. So Sohere's a key to my apartment.,1
11,Mona,6,surprise,Really?!,0
11,Ross,0,neutral,Really.,1
11,Mona,0,neutral,You don't think this is too fast.,0
,,,,,
12,Ross,1,anger,Get Out!,0
12,Charlie,0,neutral,"Ross, can I talk to you for a minute?",1
12,Ross,0,neutral,"Yes, please!  So, what's going on?",0
,,,,,
12,Ross,1,anger,Get Out!,0
12,Charlie,0,neutral,"Ross, can I talk to you for a minute?",0
12,Ross,0,neutral,"Yes, please!  So, what's going on?",0
12,Charlie,5,sadness,"Uh, well... Joey and I broke up.",1
,,,,,
12,Ross,1,anger,Get Out!,0
12,Charlie,0,neutral,"Ross, can I talk to you for a minute?",0
12,Ross,0,neutral,"Yes, please!  So, what's going on?",0
12,Charlie,5,sadness,"Uh, well... Joey and I broke up.",1
12,Ross,6,surprise,"Oh my God, wh-what happened?",0
,,,,,
12,Ross,1,anger,Get Out!,0
12,Charlie,0,neutral,"Ross, can I talk to you for a minute?",0
12,Ross,0,neutral,"Yes, please!  So, what's going on?",0
12,Charlie,5,sadness,"Uh, well... Joey and I broke up.",0
12,Ross,6,surprise,"Oh my God, wh-what happened?",0
12,Charlie,5,sadness,"Joey is a great guy, but we're just... so different! I mean, during your speech he kept laughing at homo erectus!",1
12,Ross,1,anger,I knew that was him!,0
,,,,,
12,Ross,1,anger,Get Out!,0
12,Charlie,0,neutral,"Ross, can I talk to you for a minute?",0
12,Ross,0,neutral,"Yes, please!  So, what's going on?",0
12,Charlie,5,sadness,"Uh, well... Joey and I broke up.",1
12,Ross,6,surprise,"Oh my God, wh-what happened?",0
12,Charlie,5,sadness,"Joey is a great guy, but we're just... so different! I mean, during your speech he kept laughing at homo erectus!",1
12,Ross,1,anger,I knew that was him!,0
12,Charlie,5,sadness,"Anyway I just, uh, I think it's for the best.",1
12,Ross,0,neutral,"Hey, you ok?",0
,,,,,
12,Ross,1,anger,Get Out!,0
12,Charlie,0,neutral,"Ross, can I talk to you for a minute?",0
12,Ross,0,neutral,"Yes, please!  So, what's going on?",0
12,Charlie,5,sadness,"Uh, well... Joey and I broke up.",0
12,Ross,6,surprise,"Oh my God, wh-what happened?",0
12,Charlie,5,sadness,"Joey is a great guy, but we're just... so different! I mean, during your speech he kept laughing at homo erectus!",0
12,Ross,1,anger,I knew that was him!,0
12,Charlie,5,sadness,"Anyway I just, uh, I think it's for the best.",0
12,Ross,0,neutral,"Hey, you ok?",0
12,Charlie,5,sadness,I guess.,0
12,Charlie,0,neutral,There was hum...  there was another reason that I thought it was time to end it with Joey.,1
,,,,,
12,Ross,1,anger,Get Out!,0
12,Charlie,0,neutral,"Ross, can I talk to you for a minute?",0
12,Ross,0,neutral,"Yes, please!  So, what's going on?",0
12,Charlie,5,sadness,"Uh, well... Joey and I broke up.",0
12,Ross,6,surprise,"Oh my God, wh-what happened?",0
12,Charlie,5,sadness,"Joey is a great guy, but we're just... so different! I mean, during your speech he kept laughing at homo erectus!",0
12,Ross,1,anger,I knew that was him!,0
12,Charlie,5,sadness,"Anyway I just, uh, I think it's for the best.",0
12,Ross,0,neutral,"Hey, you ok?",0
12,Charlie,5,sadness,I guess.,0
12,Charlie,0,neutral,There was hum...  there was another reason that I thought it was time to end it with Joey.,0
12,Charlie,0,neutral,I started to realize that I was having feelings for someone  else.,0
12,Paleontologist,0,neutral,"Ok Geller. Last day of the conference, you know what happens to the keynote speaker.",0
12,Ross,0,neutral,"Oh, professor Clerk we're kind of in the middle of a conversation, here.",1
12,Charlie,0,neutral,"Yeah, can you guys just throw him in the pool later?",1
12,Professore Clerk,4,joy,Or we could throw you both in,1
12,Ross,1,anger,"Ok, gentlemen!",0
,,,,,
12,Ross,1,anger,Get Out!,0
12,Charlie,0,neutral,"Ross, can I talk to you for a minute?",0
12,Ross,0,neutral,"Yes, please!  So, what's going on?",0
12,Charlie,5,sadness,"Uh, well... Joey and I broke up.",0
12,Ross,6,surprise,"Oh my God, wh-what happened?",0
12,Charlie,5,sadness,"Joey is a great guy, but we're just... so different! I mean, during your speech he kept laughing at homo erectus!",0
12,Ross,1,anger,I knew that was him!,0
12,Charlie,5,sadness,"Anyway I just, uh, I think it's for the best.",0
12,Ross,0,neutral,"Hey, you ok?",0
12,Charlie,5,sadness,I guess.,0
12,Charlie,0,neutral,There was hum...  there was another reason that I thought it was time to end it with Joey.,0
12,Charlie,0,neutral,I started to realize that I was having feelings for someone  else.,0
12,Paleontologist,0,neutral,"Ok Geller. Last day of the conference, you know what happens to the keynote speaker.",0
12,Ross,0,neutral,"Oh, professor Clerk we're kind of in the middle of a conversation, here.",0
12,Charlie,0,neutral,"Yeah, can you guys just throw him in the pool later?",0
12,Professore Clerk,4,joy,Or we could throw you both in,0
12,Ross,1,anger,"Ok, gentlemen!",0
12,Ross,1,anger,Please!,0
12,Ross,1,anger,Aren't we a little old for this?,0
12,Ross,0,neutral,"I mean, we're scientists, right?",1
,,,,,
12,Ross,1,anger,Get Out!,0
12,Charlie,0,neutral,"Ross, can I talk to you for a minute?",0
12,Ross,0,neutral,"Yes, please!  So, what's going on?",0
12,Charlie,5,sadness,"Uh, well... Joey and I broke up.",0
12,Ross,6,surprise,"Oh my God, wh-what happened?",0
12,Charlie,5,sadness,"Joey is a great guy, but we're just... so different! I mean, during your speech he kept laughing at homo erectus!",0
12,Ross,1,anger,I knew that was him!,0
12,Charlie,5,sadness,"Anyway I just, uh, I think it's for the best.",0
12,Ross,0,neutral,"Hey, you ok?",0
12,Charlie,5,sadness,I guess.,0
12,Charlie,0,neutral,There was hum...  there was another reason that I thought it was time to end it with Joey.,0
12,Charlie,0,neutral,I started to realize that I was having feelings for someone  else.,0
12,Paleontologist,0,neutral,"Ok Geller. Last day of the conference, you know what happens to the keynote speaker.",1
12,Ross,0,neutral,"Oh, professor Clerk we're kind of in the middle of a conversation, here.",1
12,Charlie,0,neutral,"Yeah, can you guys just throw him in the pool later?",0
12,Professore Clerk,4,joy,Or we could throw you both in,0
12,Ross,1,anger,"Ok, gentlemen!",0
12,Ross,1,anger,Please!,0
12,Ross,1,anger,Aren't we a little old for this?,0
12,Ross,0,neutral,"I mean, we're scientists, right?",0
12,Ross,1,anger,We're academics.,0
,,,,,
12,Ross,1,anger,Get Out!,0
12,Charlie,0,neutral,"Ross, can I talk to you for a minute?",0
12,Ross,0,neutral,"Yes, please!  So, what's going on?",0
12,Charlie,5,sadness,"Uh, well... Joey and I broke up.",0
12,Ross,6,surprise,"Oh my God, wh-what happened?",0
12,Charlie,5,sadness,"Joey is a great guy, but we're just... so different! I mean, during your speech he kept laughing at homo erectus!",0
12,Ross,1,anger,I knew that was him!,0
12,Charlie,5,sadness,"Anyway I just, uh, I think it's for the best.",0
12,Ross,0,neutral,"Hey, you ok?",0
12,Charlie,5,sadness,I guess.,0
12,Charlie,0,neutral,There was hum...  there was another reason that I thought it was time to end it with Joey.,0
12,Charlie,0,neutral,I started to realize that I was having feelings for someone  else.,0
12,Paleontologist,0,neutral,"Ok Geller. Last day of the conference, you know what happens to the keynote speaker.",0
12,Ross,0,neutral,"Oh, professor Clerk we're kind of in the middle of a conversation, here.",0
12,Charlie,0,neutral,"Yeah, can you guys just throw him in the pool later?",0
12,Professore Clerk,4,joy,Or we could throw you both in,0
12,Ross,1,anger,"Ok, gentlemen!",0
12,Ross,1,anger,Please!,0
12,Ross,1,anger,Aren't we a little old for this?,0
12,Ross,0,neutral,"I mean, we're scientists, right?",0
12,Ross,1,anger,We're academics.,0
12,Ross,4,joy,And most importantly I... you-you will have to catch us first.,1
,,,,,
13,Ross,4,joy,"Go, go, go!",0
13,Rachel,4,joy,"Oh yeah, now everybody wants to be under this hat!",0
13,Phoebe,2,disgust,Oy!!,0
13,Monica,6,surprise,What's with all this sand?,1
13,Phoebe,0,neutral,"Oh, yeah, Bob said there might be flood damage.",0
,,,,,
13,Ross,4,joy,"Go, go, go!",0
13,Rachel,4,joy,"Oh yeah, now everybody wants to be under this hat!",0
13,Phoebe,2,disgust,Oy!!,0
13,Monica,6,surprise,What's with all this sand?,1
13,Phoebe,0,neutral,"Oh, yeah, Bob said there might be flood damage.",1
13,Ross,0,neutral,"Yeah, either that, or he has a really big cat.",0
,,,,,
14,Joey,1,anger,"Okay, see that blind guy right there? I'm gonna bash his head in later.",0
14,Joey,4,joy,"Oh umm, my big scene is coming up. Big scene coming up.",1
,,,,,
15,Ross,0,neutral,"Hey, you wanna get something to eat or uh, do you wanna see how long we can throw this ball back and forth? Huh?",0
15,Joey,0,neutral,"Uhh, the ball thing.",1
15,Ross,0,neutral,Yeah?,1
15,Joey,4,joy,"Hey Ross, wouldn't it be great if we could go two straight hours without dropping it?!",0
,,,,,
15,Ross,0,neutral,"Hey, you wanna get something to eat or uh, do you wanna see how long we can throw this ball back and forth? Huh?",0
15,Joey,0,neutral,"Uhh, the ball thing.",0
15,Ross,0,neutral,Yeah?,0
15,Joey,4,joy,"Hey Ross, wouldn't it be great if we could go two straight hours without dropping it?!",0
15,Ross,0,neutral,"Uhh,",0
15,Joey,4,joy,Okay!,0
15,Joey,3,fear,Uh-oh.,0
,,,,,
15,Ross,0,neutral,"Hey, you wanna get something to eat or uh, do you wanna see how long we can throw this ball back and forth? Huh?",0
15,Joey,0,neutral,"Uhh, the ball thing.",0
15,Ross,0,neutral,Yeah?,0
15,Joey,4,joy,"Hey Ross, wouldn't it be great if we could go two straight hours without dropping it?!",0
15,Ross,0,neutral,"Uhh,",0
15,Joey,4,joy,Okay!,0
15,Joey,3,fear,Uh-oh.,0
15,Ross,0,neutral,What?,0
15,Joey,5,sadness,I have to pee. And Rachel's in the bathroom!,1
,,,,,
15,Ross,0,neutral,"Hey, you wanna get something to eat or uh, do you wanna see how long we can throw this ball back and forth? Huh?",0
15,Joey,0,neutral,"Uhh, the ball thing.",0
15,Ross,0,neutral,Yeah?,0
15,Joey,4,joy,"Hey Ross, wouldn't it be great if we could go two straight hours without dropping it?!",0
15,Ross,0,neutral,"Uhh,",0
15,Joey,4,joy,Okay!,0
15,Joey,3,fear,Uh-oh.,0
15,Ross,0,neutral,What?,0
15,Joey,5,sadness,I have to pee. And Rachel's in the bathroom!,0
15,Joey,6,surprise,"Man, I didn't think we were gonna make it!",1
,,,,,
15,Ross,0,neutral,"Hey, you wanna get something to eat or uh, do you wanna see how long we can throw this ball back and forth? Huh?",0
15,Joey,0,neutral,"Uhh, the ball thing.",0
15,Ross,0,neutral,Yeah?,0
15,Joey,4,joy,"Hey Ross, wouldn't it be great if we could go two straight hours without dropping it?!",0
15,Ross,0,neutral,"Uhh,",0
15,Joey,4,joy,Okay!,0
15,Joey,3,fear,Uh-oh.,0
15,Ross,0,neutral,What?,0
15,Joey,5,sadness,I have to pee. And Rachel's in the bathroom!,0
15,Joey,6,surprise,"Man, I didn't think we were gonna make it!",0
15,Ross,3,fear,"I know!  Don't switch hands, okay?",1
